53,2022-07-31,Delwath,,1748-09-30,1748-10-06
54,2022-08-05,Delwath|Aristaea|Iascaire,,1748-10-06,1748-10-09
55,2022-08-16,Delwath|Aristaea|Iascaire,,1748-10-09,1748-10-14
57,2022-09-19,Kenzo,Elazar,1748-09-30,1748-11-02
59,2022-10-07,Kenzo|Izzarak,Enari,1748-11-02,1748-11-06
64,2022-11-09,Kenzo|Izzarak,Enari,1748-11-06,1748-11-13
56,2022-09-12,Riswynn|Rothfis|Merash|Thror,,1748-08-24,1748-08-25
58,2022-09-26,Riswynn|Rothfis|Merash|Thror,,1748-08-25,1748-11-15
61,2022-10-24,Seeker,,1748-09-30,1748-10-03
63,2022-11-05,Seeker|Raven|Spirala|Mikasa,,1748-10-03,1748-10-12
65,2022-11-12,Seeker|Raven|Spirala|Caulaus,,1748-10-13,1748-11-13
1,2020-05-29,Kenzo|Wellby|Delwath|Seeker,,1748-03-22,1748-03-22
10,2020-10-02,Kenzo|Wellby|Delwath|Seeker|Riswynn,Vola,1748-04-12,1748-04-12
11,2020-10-23,Kenzo|Wellby|Delwath|Seeker|Riswynn,Vola,1748-04-12,1748-04-13
12,2020-11-08,Kenzo|Wellby|Delwath|Seeker|Riswynn,Vola,1748-04-13,1748-04-13
13,2020-11-20,Kenzo|Wellby|Delwath|Seeker|Riswynn,Vola,1748-04-13,1748-04-13
14,2020-12-06,Kenzo|Wellby|Delwath|Seeker|Riswynn,Vola,1748-04-13,1748-04-15
15,2020-12-26,Kenzo|Wellby|Delwath|Seeker|Riswynn,,1748-04-15,1748-04-15
16,2021-01-08,Kenzo|Wellby|Delwath|Seeker|Riswynn,,1748-04-15,1748-04-16
2,2020-06-12,Kenzo|Wellby|Delwath|Seeker,,1748-03-22,1748-03-25
3,2020-07-02,Kenzo|Wellby|Delwath|Seeker,,1748-03-25,1748-03-25
4,2020-07-09,Kenzo|Wellby|Delwath|Seeker,,1748-03-26,1748-03-29
5,2020-07-24,Kenzo|Wellby|Delwath|Seeker,,1748-03-30,1748-04-04
6,2020-08-06,Kenzo|Wellby|Delwath|Seeker|Riswynn,,1748-04-04,1748-04-06
68,2023-01-05,Seeker|Delwath|Kenzo|Wellby|Riswynn,,1748-11-15,1748-11-15
69,2023-01-16,Seeker|Delwath|Kenzo|Wellby|Riswynn,,1748-11-15,1748-11-23
7,2020-08-16,Kenzo|Wellby|Delwath|Seeker|Riswynn,,1748-04-07,1748-04-12
70,2023-02-02,Seeker|Delwath|Kenzo|Wellby|Riswynn,,1748-11-23,1748-11-23
71,2023-02-21,Seeker|Delwath|Kenzo|Wellby|Riswynn,,1748-11-23,1748-11-23
72,2023-03-02,Seeker|Delwath|Kenzo|Wellby|Riswynn,,1748-11-23,1748-11-24
73,2023-03-17,Seeker|Delwath|Kenzo|Wellby|Riswynn,,1748-11-24,1748-11-24
74,2023-03-30,Seeker|Delwath|Kenzo|Wellby|Riswynn,,1748-11-24,1748-11-29
75,2023-04-11,Seeker|Delwath|Kenzo|Wellby|Riswynn,,1748-11-29,1748-12-04
76,2023-05-07,Seeker|Delwath|Kenzo|Wellby|Riswynn,,1748-12-04,1748-12-05
77,2023-05-21,Seeker|Delwath|Kenzo|Wellby|Riswynn,,1748-12-05,1748-12-06
78,2023-06-01,Seeker|Delwath|Kenzo|Wellby|Riswynn,,1748-12-06,1748-12-08
79,2023-07-13,Seeker|Delwath|Kenzo|Wellby|Riswynn,,1748-12-08,1748-12-10
8,2020-09-03,Kenzo|Wellby|Delwath|Seeker|Riswynn,,1748-04-12,1748-04-12
80,2023-07-27,Seeker|Delwath|Kenzo|Wellby,,1748-12-10,1748-12-17
81,2023-07-28,Seeker|Delwath|Kenzo|Wellby,,1748-12-17,1748-12-25
82,2023-08-09,Seeker|Delwath|Kenzo|Wellby,,1748-12-25,1748-12-30
83,2023-08-23,Seeker|Delwath|Kenzo|Wellby,,1748-12-30,1749-01-01
84,2023-09-11,Seeker|Delwath|Kenzo|Wellby,,1749-01-01,1749-01-03
85,2023-09-27,Seeker|Delwath|Kenzo|Wellby,Faldrak Bronzehammer,1749-01-03,1749-01-08
86,2023-10-16,Seeker|Delwath|Kenzo|Wellby,Faldrak Bronzehammer,1749-01-08,1749-01-08
87,2023-11-08,Seeker|Delwath|Kenzo|Wellby,,1749-01-08,1749-01-16
88,2023-11-21,Seeker|Delwath|Kenzo|Wellby|Riswynn,,1749-01-17,1749-01-20
89,2023-11-30,Seeker|Delwath|Kenzo|Wellby|Riswynn,,1749-01-20,1749-01-30
9,2020-09-18,Kenzo|Wellby|Delwath|Seeker|Riswynn,,1748-04-12,1748-04-12
90,2023-12-22,Seeker|Delwath|Kenzo|Wellby|Riswynn,,1749-01-30,1749-03-09
60,2022-10-14,Wellby,Wave Dancer,1748-09-30,1748-10-12
62,2022-10-28,Wellby|Rufus|Artem Novolozek|Alimash|Shoal,,1748-10-13,1748-10-14
66,2022-11-19,Wellby|Alimash|Shoal,,1748-10-14,1748-11-13
17,2021-01-22,Kenzo|Wellby|Delwath|Seeker,,1748-04-16,1748-04-24
18,2021-02-05,Kenzo|Wellby|Delwath|Seeker,,1748-04-24,1748-04-24
19,2021-02-13,Kenzo|Wellby|Delwath|Seeker,Havdar's Warband|Amil,1748-04-25,1748-05-02
20,2021-02-27,Kenzo|Wellby|Delwath|Seeker,,1748-05-02,1748-05-05
21,2021-03-13,Kenzo|Wellby|Delwath|Seeker,Havdar's Warband,1748-05-05,1748-05-11
22,2021-04-08,Kenzo|Wellby|Delwath|Seeker,,1748-05-11,1748-05-11
23,2021-04-23,Kenzo|Wellby|Delwath|Seeker,,1748-05-11,1748-05-11
24,2021-05-06,Kenzo|Wellby|Delwath|Seeker,,1748-05-11,1748-05-13
25,2021-05-17,Kenzo|Wellby|Delwath|Seeker,,1748-05-13,1748-05-23
26,2021-06-01,Kenzo|Wellby|Delwath|Seeker|Drikod,,1748-05-23,1748-05-24
27,2021-07-07,Kenzo|Wellby|Delwath|Seeker|Drikod,,1748-05-24,1748-05-27
28,2021-07-19,Kenzo|Wellby|Delwath|Seeker|Drikod,Cintra,1748-05-27,1748-05-29
29,2021-07-28,Kenzo|Wellby|Delwath|Seeker|Drikod,Cintra|Jumi,1748-05-29,1748-06-01
30,2021-09-10,Kenzo|Wellby|Delwath|Seeker|Drikod,Garret Tealeaf,1748-06-01,1748-06-04
31,2021-09-24,Kenzo|Wellby|Delwath|Seeker|Drikod,Garret Tealeaf,1748-06-04,1748-06-08
32,2021-10-07,Kenzo|Wellby|Delwath|Seeker|Drikod,,1748-06-09,1748-06-20
33,2021-10-24,Kenzo|Wellby|Delwath|Seeker,Garret Tealeaf,1748-06-20,1748-06-30
34,2021-11-07,Kenzo|Wellby|Delwath|Seeker,,1748-06-30,1748-07-01
35,2021-12-06,Kenzo|Wellby|Delwath|Seeker,,1748-07-01,1748-07-01
36,2021-12-22,Kenzo|Wellby|Delwath|Seeker,,1748-07-01,1748-07-02
37,2022-01-03,Kenzo|Wellby|Delwath|Seeker,,1748-07-02,1748-07-02
38,2022-01-23,Kenzo|Wellby|Delwath|Seeker|Riswynn,,1748-07-02,1748-07-03
39,2022-02-06,Kenzo|Wellby|Delwath|Seeker|Riswynn,,1748-07-03,1748-07-03
40,2022-02-17,Kenzo|Wellby|Delwath|Seeker,,1748-07-03,1748-07-06
41,2022-03-03,Kenzo|Wellby|Delwath|Seeker|Riswynn,,1748-07-06,1748-07-13
42,2022-03-13,Kenzo|Wellby|Delwath|Seeker|Riswynn,Johar,1748-07-13,1748-07-18
43,2022-03-25,Kenzo|Wellby|Delwath|Seeker|Riswynn,Johar|Justan|Copper Hill Bandits,1748-07-19,1748-07-23
44,2022-04-14,Kenzo|Wellby|Delwath|Seeker|Riswynn,Johar|Justan|Copper Hill Bandits,1748-07-23,1748-07-23
45,2022-05-05,Kenzo|Wellby|Delwath|Seeker|Riswynn,Johar,1748-07-23,1748-08-08
46,2022-05-13,Kenzo|Wellby|Delwath|Seeker|Riswynn,Johar,1748-08-08,1748-08-09
47,2022-05-26,Kenzo|Wellby|Delwath|Seeker|Riswynn,Emerald Song|Oswalt Tealeaf|Jasmine Sunmeadow,1748-08-09,1748-08-21
48,2022-06-22,Kenzo|Wellby|Delwath|Seeker|Riswynn,,1748-08-21,1748-08-22
49,2022-06-30,Kenzo|Wellby|Delwath|Seeker|Riswynn,,1748-08-22,1748-08-24
50,2022-07-21,Kenzo|Wellby|Delwath|Seeker,,1748-08-24,1748-08-29
51,2022-07-22,Kenzo|Wellby|Delwath|Seeker,,1748-08-29,1748-09-06
52,2022-07-23,Kenzo|Wellby|Delwath|Seeker,Theba,1748-09-06,1748-09-30
67,2022-12-04,Seeker|Caulaus|Kenzo|Wellby,,1748-11-13,1748-11-15
